test,lm_stat,lm_p_value,f_stat,f_p_value
Breusch-Pagan,32.67148986376327,0.012401774037341618,2.0509991850749505,0.009679927735693853
