test,lm_stat,lm_p_value,f_stat,f_p_value
Breusch-Pagan,46.5613229306416,0.00014204024096781972,3.1215424763689446,5.401159842475096e-05
