variable,vif
sentiment_michigan_ics_l1,1.1383484674696405
bull_bear_spread_l1,1.121027032167662
smb,1.3123174547046723
hml,1.5792505622043997
rmw,1.2690654501238363
cma,1.5732989213771704
