test,lm_stat,lm_p_value,f_stat,f_p_value
Breusch-Pagan,2.8976692707895015,0.8943044828192712,0.41391236749946775,0.8943245196229564
