term,coef,std_err,t_stat,p_value,ci_low,ci_high
Intercept,-1.7346410309319424,11.608225163185608,-0.1494320627440268,0.8812133832196387,-24.486956447863548,21.017674385999662
sentiment_x_small,0.21149805967593677,0.103922818091607,2.0351455393511673,0.04184208083652341,0.007807598559159912,0.4151885207927136
log_at,-1.770002835599619,2.3891630634250967,-0.7408463920675838,0.45879044955934756,-6.452802388275836,2.9127967170765983
leverage,-0.005376438852708561,0.0073885807096922525,-0.7276686909105307,0.46682020767345667,-0.019858180585588713,0.00910530288017159
profitability,0.022050722684311398,0.018372563671252323,1.2001984632560734,0.23006859238990818,-0.013959809312577984,0.05806125468120078
capex_intensity,16.118468810763513,15.063442783264305,1.0700388379123633,0.284607568567637,-13.40613091501212,45.64306853653915
cash_ratio,8.001458936260581,5.55022657263663,1.4416454592518546,0.14940937828021328,-2.877077949511637,18.8799958220328
rd_intensity,0.03297849380097169,0.030890223346575336,1.0676029574460124,0.28570537814780184,-0.027566860462976177,0.09352384806491956
