test,lm_stat,lm_p_value,f_stat,f_p_value
Breusch-Pagan,2.8953271270971106,0.8945134840727521,0.4135778166641472,0.8945334800615004
