variable,vif
sentiment_lag1,1.0039785082934078
log_at,1.15194315118077
leverage,1.047650517836645
profitability,1.3125889824943902
capex_intensity,1.0449030457045438
cash_ratio,1.1350838257645925
rd_intensity,1.2909471683386309
